id,firstname,lastname,email,profession
100,Jackie,Taam,Jackie.Taam@yopmail.com,firefighter
101,Harmonia,McCutcheon,Harmonia.McCutcheon@yopmail.com,doctor
102,Romona,Glenden,Romona.Glenden@yopmail.com,police officer
103,Kamilah,Alarise,Kamilah.Alarise@yopmail.com,worker
104,Dorene,Monaco,Dorene.Monaco@yopmail.com,police officer
105,Zsa Zsa,Lay,Zsa Zsa.Lay@yopmail.com,firefighter
106,Dorothy,Christal,Dorothy.Christal@yopmail.com,police officer
107,Rhoda,Paine,Rhoda.Paine@yopmail.com,developer

108,Viviene,Afton,Viviene.Afton@yopmail.com,firefighter
109,Gilligan,Codding,Gilligan.Codding@yopmail.com,worker
110,Nollie,Jary,Nollie.Jary@yopmail.com,worker