id,firstname,lastname,email,profession,salary
100,Blinni,Alcott,Blinni.Alcott@yopmail.com,developer,107535
101,Ashlee,Bettine,Ashlee.Bettine@yopmail.com,developer,100512
102,Hope,Danby,Hope.Danby@yopmail.com,police officer,76104
103,Hermione,Francene,Hermione.Francene@yopmail.com,police officer,58915
104,Janenna,Philipp,Janenna.Philipp@yopmail.com,firefighter,82270
105,Aeriela,Daegal,Aeriela.Daegal@yopmail.com,doctor,103696
106,Alie,Dulciana,Alie.Dulciana@yopmail.com,police officer,93954
107,Magdalena,Fosque,Magdalena.Fosque@yopmail.com,worker,82832
108,Mildrid,Philipp,Mildrid.Philipp@yopmail.com,doctor,66640
109,Myriam,Rurik,Myriam.Rurik@yopmail.com,police officer,90925

